Program Version:,EnergyPlus-Windows-64 8.0.0.008, YMD=2013.05.14 09:35
 Tabular Output Report in Format: ,Comma

Building:,Building
Environment:,SUMMERDAY ** BRATISLAVA - SVK IWEC Data WMO#=118160

----------------------------------------------------------------------------------------------------
REPORT:,Annual Building Utility Performance Summary
FOR:,Entire Facility
Values gathered over        48.00 hours

WARNING: THE REPORT DOES NOT REPRESENT A FULL ANNUAL SIMULATION.



Site and Source Energy

,,Total Energy [GJ],Energy Per Total Building Area [MJ/m2],Energy Per Conditioned Building Area [MJ/m2]
,Total Site Energy,1.88,2.03,2.03
,Net Site Energy,1.88,2.03,2.03
,Total Source Energy,4.48,4.84,4.84
,Net Source Energy,4.48,4.84,4.84


Site to Source Energy Conversion Factors

,,Site=>Source Conversion Factor
,Electricity,3.167
,Natural Gas,1.084
,District Cooling,1.056
,District Heating,3.613
,Steam,0.300
,Gasoline,1.050
,Diesel,1.050
,Coal,1.050
,Fuel Oil #1,1.050
,Fuel Oil #2,1.050
,Propane,1.050
,Other Fuel 1,1.000
,Other Fuel 2,1.000


Building Area

,,Area [m2]
,Total Building Area,927.20
,Net Conditioned Building Area,927.20
,Unconditioned Building Area,0.00


End Uses

,,Electricity [GJ],Natural Gas [GJ],Additional Fuel [GJ],District Cooling [GJ],District Heating [GJ],Water [m3]
,Heating,0.00,0.71,0.00,0.00,0.00,0.00
,Cooling,0.18,0.00,0.00,0.00,0.00,0.00
,Interior Lighting,0.60,0.00,0.00,0.00,0.00,0.00
,Exterior Lighting,0.00,0.00,0.00,0.00,0.00,0.00
,Interior Equipment,0.30,0.00,0.00,0.00,0.00,0.00
,Exterior Equipment,0.00,0.00,0.00,0.00,0.00,0.00
,Fans,0.06,0.00,0.00,0.00,0.00,0.00
,Pumps,0.02,0.00,0.00,0.00,0.00,0.00
,Heat Rejection,0.00,0.00,0.00,0.00,0.00,0.00
,Humidification,0.00,0.00,0.00,0.00,0.00,0.00
,Heat Recovery,0.00,0.00,0.00,0.00,0.00,0.00
,Water Systems,0.00,0.00,0.00,0.00,0.00,0.00
,Refrigeration,0.00,0.00,0.00,0.00,0.00,0.00
,Generators,0.00,0.00,0.00,0.00,0.00,0.00
,,,,,,,
,Total End Uses,1.17,0.71,0.00,0.00,0.00,0.00
Note: Natural gas appears to be the principal heating source based on energy usage.


End Uses By Subcategory

,,Subcategory,Electricity [GJ],Natural Gas [GJ],Additional Fuel [GJ],District Cooling [GJ],District Heating [GJ],Water [m3]
,Heating,Boiler,0.00,0.71,0.00,0.00,0.00,0.00
,,Boiler Parasitic,0.00,0.00,0.00,0.00,0.00,0.00
,Cooling,General,0.18,0.00,0.00,0.00,0.00,0.00
,Interior Lighting,GeneralLights,0.60,0.00,0.00,0.00,0.00,0.00
,Exterior Lighting,General,0.00,0.00,0.00,0.00,0.00,0.00
,Interior Equipment,General,0.30,0.00,0.00,0.00,0.00,0.00
,Exterior Equipment,General,0.00,0.00,0.00,0.00,0.00,0.00
,Fans,General,0.06,0.00,0.00,0.00,0.00,0.00
,Pumps,General,0.02,0.00,0.00,0.00,0.00,0.00
,Heat Rejection,General,0.00,0.00,0.00,0.00,0.00,0.00
,Humidification,General,0.00,0.00,0.00,0.00,0.00,0.00
,Heat Recovery,General,0.00,0.00,0.00,0.00,0.00,0.00
,Water Systems,General,0.00,0.00,0.00,0.00,0.00,0.00
,Refrigeration,General,0.00,0.00,0.00,0.00,0.00,0.00
,Generators,General,0.00,0.00,0.00,0.00,0.00,0.00


Normalized Metrics

Utility Use Per Conditioned Floor Area

,,Electricity Intensity [MJ/m2],Natural Gas Intensity [MJ/m2],Additional Fuel Intensity [MJ/m2],District Cooling Intensity [MJ/m2],District Heating Intensity [MJ/m2],Water Intensity [m3/m2]
,Lighting,0.64,0.00,0.00,0.00,0.00,0.00
,HVAC,0.28,0.76,0.00,0.00,0.00,0.00
,Other,0.32,0.00,0.00,0.00,0.00,0.00
,Total,1.27,0.76,0.00,0.00,0.00,0.00


Utility Use Per Total Floor Area

,,Electricity Intensity [MJ/m2],Natural Gas Intensity [MJ/m2],Additional Fuel Intensity [MJ/m2],District Cooling Intensity [MJ/m2],District Heating Intensity [MJ/m2],Water Intensity [m3/m2]
,Lighting,0.64,0.00,0.00,0.00,0.00,0.00
,HVAC,0.28,0.76,0.00,0.00,0.00,0.00
,Other,0.32,0.00,0.00,0.00,0.00,0.00
,Total,1.27,0.76,0.00,0.00,0.00,0.00


Electric Loads Satisfied

,,Electricity [GJ],Percent Electricity [%]
,Fuel-Fired Power Generation,0.00,0.00
,High Temperature Geothermal*,0.00,0.00
,Photovoltaic Power,0.00,0.00
,Wind Power,0.00,0.00
,Net Decrease in On-Site Storage,0.00,0.00
,Total On-Site Electric Sources,0.00,0.00
,,,
,Electricity Coming From Utility,1.17,100.00
,Surplus Electricity Going To Utility,0.00,0.00
,Net Electricity From Utility,1.17,100.00
,,,
,Total On-Site and Utility Electric Sources,1.17,100.00
,Total Electricity End Uses,1.17,100.00


On-Site Thermal Sources

,,Heat [GJ],Percent Heat [%]
,Water-Side Heat Recovery,0.00,
,Air to Air Heat Recovery for Cooling,0.00,
,Air to Air Heat Recovery for Heating,0.00,
,High-Temperature Geothermal*,0.00,
,Solar Water Thermal,0.00,
,Solar Air Thermal,0.00,
,Total On-Site Thermal Sources,0.00,


Water Source Summary

,,Water [m3],Percent Water [%]
,Rainwater Collection,0.00,-
,Condensate Collection,0.00,-
,Groundwater Well,0.00,-
,Total On Site Water Sources,0.00,-
,-,-,-
,Initial Storage,0.00,-
,Final Storage,0.00,-
,Change in Storage,0.00,-
,-,-,-
,Water Supplied by Utility,0.00,-
,-,-,-
,Total On Site, Change in Storage, and Utility Water Sources,0.00,-
,Total Water End Uses,0.00,-


Comfort and Setpoint Not Met Summary

,,Degrees [deltaC]
,Tolerance for Zone Heating Setpoint Not Met Time,0.20
,Tolerance for Zone Cooling Setpoint Not Met Time,0.20


,,Facility [Hours]
,Time Setpoint Not Met During Occupied Heating,0.00
,Time Setpoint Not Met During Occupied Cooling,0.00
,Time Not Comfortable Based on Simple ASHRAE 55-2004,0.75


Note 1: An asterisk (*) indicates that the feature is not yet implemented.

----------------------------------------------------------------------------------------------------
REPORT:,Input Verification and Results Summary
FOR:,Entire Facility
General

,,Value
,Program Version and Build,EnergyPlus-Windows-64 8.0.0.008, YMD=2013.05.14 09:35
,RunPeriod,SUMMERDAY
,Weather File,BRATISLAVA - SVK IWEC Data WMO#=118160
,Latitude [deg],48.20
,Longitude [deg],17.20
,Elevation [m],130.00
,Time Zone,1.00
,North Axis Angle [deg],30.00
,Rotation for Appendix G [deg],0.00
,Hours Simulated [hrs],48.00


ENVELOPE

Window-Wall Ratio

,,Total,North (315 to 45 deg),East (45 to 135 deg),South (135 to 225 deg),West (225 to 315 deg)
,Gross Wall Area [m2],274.20,91.50,45.60,91.50,45.60
,Window Opening Area [m2],60.90,20.85,9.12,21.81,9.12
,Window-Wall Ratio [%],22.21,22.79,20.00,23.84,20.00


Conditioned Window-Wall Ratio

,,Total,North (315 to 45 deg),East (45 to 135 deg),South (135 to 225 deg),West (225 to 315 deg)
,Gross Wall Area [m2],274.20,91.50,45.60,91.50,45.60
,Window Opening Area [m2],60.90,20.85,9.12,21.81,9.12
,Window-Wall Ratio [%],22.21,22.79,20.00,23.84,20.00


Skylight-Roof Ratio

,,Total
,Gross Roof Area [m2],463.60
,Skylight Area [m2],0.00
,Skylight-Roof Ratio [%],0.00


PERFORMANCE

Zone Summary

,,Area [m2],Conditioned (Y/N),Part of Total Floor Area (Y/N),Volume [m3],Multipliers,Gross Wall Area [m2],Window Glass Area [m2],Lighting [W/m2],People [m2 per person],Plug and Process [W/m2]
,PLENUM-1,463.60,Yes,Yes,283.20,1.00,54.84,0.00,0.0000,,0.0000
,SPACE1-1,99.16,Yes,Yes,239.25,1.00,73.20,21.81,15.9742,9.01,10.6495
,SPACE2-1,42.73,Yes,Yes,103.31,1.00,36.48,9.12,16.0056,8.55,10.6704
,SPACE3-1,96.48,Yes,Yes,239.25,1.00,73.20,20.85,16.4179,8.77,10.9453
,SPACE4-1,42.73,Yes,Yes,103.31,1.00,36.48,9.12,16.0056,8.55,10.6704
,SPACE5-1,182.49,Yes,Yes,447.68,1.00,0.00,0.00,16.2420,9.12,10.8280
,Total,927.20,,,1416.00,,274.20,60.90,8.0889,17.83,5.3926
,Conditioned Total,927.20,,,1416.00,,274.20,60.90,8.0889,17.83,5.3926
,Unconditioned Total,0.00,,,0.00,,0.00,0.00,,,
,Not Part of Total,0.00,,,0.00,,0.00,0.00,,,


----------------------------------------------------------------------------------------------------
REPORT:,Demand End Use Components Summary
FOR:,Entire Facility
End Uses

,,Electricity [W],Natural Gas [W],Propane [W],District Cooling [W],Steam [W],Water [m3/s]
,Time of Peak,07-JUL-10:00,14-JAN-06:15,-,-,-,-
,Heating,0.00,41888.39,0.00,0.00,0.00,0.00
,Cooling,5046.60,0.00,0.00,0.00,0.00,0.00
,Interior Lighting,7500.00,0.00,0.00,0.00,0.00,0.00
,Exterior Lighting,0.00,0.00,0.00,0.00,0.00,0.00
,Interior Equipment,4500.00,0.00,0.00,0.00,0.00,0.00
,Exterior Equipment,0.00,0.00,0.00,0.00,0.00,0.00
,Fans,579.23,0.00,0.00,0.00,0.00,0.00
,Pumps,473.74,0.00,0.00,0.00,0.00,0.00
,Heat Rejection,0.00,0.00,0.00,0.00,0.00,0.00
,Humidification,0.00,0.00,0.00,0.00,0.00,0.00
,Heat Recovery,0.00,0.00,0.00,0.00,0.00,0.00
,Water Systems,0.00,0.00,0.00,0.00,0.00,0.00
,Refrigeration,0.00,0.00,0.00,0.00,0.00,0.00
,Generators,0.00,0.00,0.00,0.00,0.00,0.00
,,,,,,,
,Total End Uses,18372.74,41888.39,0.00,0.00,0.00,0.00


End Uses By Subcategory

,,Subcategory,Electricity [W],Natural Gas [W],Propane [W],District Cooling [W],Steam [W],Water [m3/s]
,Heating,Boiler,0.00,41888.39,0.00,0.00,0.00,0.00
,,Boiler Parasitic,0.00,0.00,0.00,0.00,0.00,0.00
,Cooling,General,5046.60,0.00,0.00,0.00,0.00,0.00
,Interior Lighting,GeneralLights,7500.00,0.00,0.00,0.00,0.00,0.00
,Exterior Lighting,General,0.00,0.00,0.00,0.00,0.00,0.00
,Interior Equipment,General,4500.00,0.00,0.00,0.00,0.00,0.00
,Exterior Equipment,General,0.00,0.00,0.00,0.00,0.00,0.00
,Fans,General,579.23,0.00,0.00,0.00,0.00,0.00
,Pumps,General,473.74,0.00,0.00,0.00,0.00,0.00
,Heat Rejection,General,0.00,0.00,0.00,0.00,0.00,0.00
,Humidification,General,0.00,0.00,0.00,0.00,0.00,0.00
,Heat Recovery,General,0.00,0.00,0.00,0.00,0.00,0.00
,Water Systems,General,0.00,0.00,0.00,0.00,0.00,0.00
,Refrigeration,General,0.00,0.00,0.00,0.00,0.00,0.00
,Generators,General,0.00,0.00,0.00,0.00,0.00,0.00


----------------------------------------------------------------------------------------------------
REPORT:,Source Energy End Use Components Summary
FOR:,Entire Facility
Values gathered over        48.00 hours

WARNING: THE REPORT DOES NOT REPRESENT A FULL ANNUAL SIMULATION.



Source Energy End Use Components Summary

,,Source Electricity [GJ],Source Natural Gas [GJ],Source Additional Fuel [GJ],Source District Cooling [GJ],Source District Heating [GJ]
,Heating,0.00,0.77,0.00,0.00,0.00
,Cooling,0.57,0.00,0.00,0.00,0.00
,Interior Lighting,1.89,0.00,0.00,0.00,0.00
,Exterior Lighting,0.00,0.00,0.00,0.00,0.00
,Interior Equipment,0.94,0.00,0.00,0.00,0.00
,Exterior Equipment,0.00,0.00,0.00,0.00,0.00
,Fans,0.18,0.00,0.00,0.00,0.00
,Pumps,0.07,0.00,0.00,0.00,0.00
,Heat Rejection,0.00,0.00,0.00,0.00,0.00
,Humidification,0.00,0.00,0.00,0.00,0.00
,Heat Recovery,0.00,0.00,0.00,0.00,0.00
,Water Systems,0.00,0.00,0.00,0.00,0.00
,Refrigeration,0.00,0.00,0.00,0.00,0.00
,Generators,0.00,0.00,0.00,0.00,0.00
,,,,,,
,Total Source Energy End Use Components,3.72,0.77,0.00,0.00,0.00


Normalized Metrics

Source Energy End Use Components Per Conditioned Floor Area

,,Source Electricity [MJ/m2],Source Natural Gas [MJ/m2],Source Additional Fuel [MJ/m2],Source District Cooling [MJ/m2],Source District Heating [MJ/m2]
,Heating,0.00,0.83,0.00,0.00,0.00
,Cooling,0.62,0.00,0.00,0.00,0.00
,Interior Lighting,2.04,0.00,0.00,0.00,0.00
,Exterior Lighting,0.00,0.00,0.00,0.00,0.00
,Interior Equipment,1.01,0.00,0.00,0.00,0.00
,Exterior Equipment,0.00,0.00,0.00,0.00,0.00
,Fans,0.19,0.00,0.00,0.00,0.00
,Pumps,0.08,0.00,0.00,0.00,0.00
,Heat Rejection,0.00,0.00,0.00,0.00,0.00
,Humidification,0.00,0.00,0.00,0.00,0.00
,Heat Recovery,0.00,0.00,0.00,0.00,0.00
,Water Systems,0.00,0.00,0.00,0.00,0.00
,Refrigeration,0.00,0.00,0.00,0.00,0.00
,Generators,0.00,0.00,0.00,0.00,0.00
,,,,,,
,Total Source Energy End Use Components,4.01,0.83,0.00,0.00,0.00


Source Energy End Use Components Per Total Floor Area

,,Source Electricity [MJ/m2],Source Natural Gas [MJ/m2],Source Additional Fuel [MJ/m2],Source District Cooling [MJ/m2],Source District Heating [MJ/m2]
,Heating,0.00,0.83,0.00,0.00,0.00
,Cooling,0.62,0.00,0.00,0.00,0.00
,Interior Lighting,2.04,0.00,0.00,0.00,0.00
,Exterior Lighting,0.00,0.00,0.00,0.00,0.00
,Interior Equipment,1.01,0.00,0.00,0.00,0.00
,Exterior Equipment,0.00,0.00,0.00,0.00,0.00
,Fans,0.19,0.00,0.00,0.00,0.00
,Pumps,0.08,0.00,0.00,0.00,0.00
,Heat Rejection,0.00,0.00,0.00,0.00,0.00
,Humidification,0.00,0.00,0.00,0.00,0.00
,Heat Recovery,0.00,0.00,0.00,0.00,0.00
,Water Systems,0.00,0.00,0.00,0.00,0.00
,Refrigeration,0.00,0.00,0.00,0.00,0.00
,Generators,0.00,0.00,0.00,0.00,0.00
,,,,,,
,Total Source Energy End Use Components,4.01,0.83,0.00,0.00,0.00


----------------------------------------------------------------------------------------------------
REPORT:,Climatic Data Summary
FOR:,Entire Facility
SizingPeriod:DesignDay

,,Maximum Dry Bulb [C],Daily Temperature Range [deltaC],Humidity Value,Humidity Type,Wind Speed [m/s],Wind Direction
,CHICAGO_IL_USA ANNUAL HEATING 99% DESIGN CONDITIONS DB,-17.30,0.00,-17.30,Wetbulb [C],4.90,270.00
,CHICAGO_IL_USA ANNUAL COOLING 1% DESIGN CONDITIONS DB/MCWB,31.50,10.70,23.00,Wetbulb [C],5.30,230.00


Weather Statistics File

,,Value
,Reference,SVK_Bratislava.118160_IWEC
,Site:Location,BRATISLAVA - SVK
,Latitude,{N 48° 12'}
,Longitude,{E  17° 12'}
,Time Zone,{GMT +1.0 Hours}
,Elevation (m) above sea level,130
,Standard Pressure at Elevation,99773Pa
,Data Source,IWEC Data
,WMO Station,118160
,Weather File Design Conditions,Climate Design Data 2009 ASHRAE Handbook
,Heating Design Temperature 99.6% (C),-11.9°
,Heating Design Temperature 99% (C),-9.1°
,Cooling Design Temperature 0.4% (C),32°
,Cooling Design Temperature 1% (C),30.1°
,Cooling Design Temperature 2% (C),28.5°
,Maximum Dry Bulb Temperature (C),33.0°
,Maximum Dry Bulb Occurs on,Jul  7
,Minimum Dry Bulb Temperature (C),-20.0°
,Minimum Dry Bulb Occurs on,Feb  1
,Maximum Dew Point Temperature (C),20.1°
,Maximum Dew Point Occurs on,Jun 30
,Minimum Dew Point Temperature (C),-21.0°
,Minimum Dew Point Occurs on,Feb  1
,Standard Heating Degree-Days (base 10°C),not found
,Weather File Heating Degree-Days (base 10°C),1254
,Standard Cooling Degree-Days (base 18.3°C),not found
,Weather File Cooling Degree-Days (base 18°C),261
,Köppen Classification,Dfb
,Köppen Description,Moist continental (warm summer, cold winter, no dry season, lat. 30-60°N)
,Köppen Recommendation,
,ASHRAE Climate Zone,5A
,ASHRAE Description,Cool-Humid


----------------------------------------------------------------------------------------------------
REPORT:,Envelope Summary
FOR:,Entire Facility
Opaque Exterior

,,Construction,Reflectance,U-Factor with Film [W/m2-K],U-Factor no Film [W/m2-K],Gross Area [m2],Azimuth [deg],Tilt [deg],Cardinal Direction
,WALL-1PF,WALL-1,0.22,0.384,0.408,18.30,210.00,90.00,S
,WALL-1PR,WALL-1,0.22,0.384,0.408,9.12,120.00,90.00,E
,WALL-1PB,WALL-1,0.22,0.384,0.408,18.30,30.00,90.00,N
,WALL-1PL,WALL-1,0.22,0.384,0.408,9.12,300.00,90.00,W
,TOP-1,ROOF-1,0.35,0.268,0.282,463.60,210.00,0.00,
,FRONT-1,WALL-1,0.22,0.384,0.408,73.20,210.00,90.00,S
,F1-1,FLOOR-SLAB-1,0.35,3.119,12.894,99.16,30.00,180.00,
,RIGHT-1,WALL-1,0.22,0.384,0.408,36.48,120.00,90.00,E
,F2-1,FLOOR-SLAB-1,0.35,3.119,12.894,42.73,300.00,180.00,
,BACK-1,WALL-1,0.22,0.384,0.408,73.20,30.00,90.00,N
,F3-1,FLOOR-SLAB-1,0.35,3.119,12.894,96.48,74.22,180.00,
,LEFT-1,WALL-1,0.22,0.384,0.408,36.48,300.00,90.00,W
,F4-1,FLOOR-SLAB-1,0.35,3.119,12.894,42.73,120.00,180.00,
,F5-1,FLOOR-SLAB-1,0.35,3.119,12.894,182.49,30.00,180.00,


Exterior Fenestration

,,Construction,Glass Area [m2],Frame Area [m2],Divider Area [m2],Area of One Opening [m2],Area of Multiplied Openings [m2],Glass U-Factor [W/m2-K],Glass SHGC,Glass Visible Transmittance,Frame Conductance [W/m2-K],Divider Conductance [W/m2-K],Shade Control,Parent Surface,Azimuth [deg],Tilt [deg],Cardinal Direction
,WF-1,DBL CLR 3MM/13MM AIR,16.56,0.00,0.00,16.56,16.56,2.720,0.764,0.812,,,No,FRONT-1,210.00,90.00,S
,DF-1,SGL GREY 3MM,5.25,0.00,0.00,5.25,5.25,5.894,0.716,0.611,,,No,FRONT-1,210.00,90.00,S
,WR-1,DBL CLR 3MM/13MM AIR,9.12,0.00,0.00,9.12,9.12,2.720,0.764,0.812,,,No,RIGHT-1,120.00,90.00,E
,WB-1,DBL CLR 3MM/13MM AIR,16.44,0.00,0.00,16.44,16.44,2.720,0.764,0.812,,,No,BACK-1,30.00,90.00,N
,DB-1,SGL GREY 3MM,4.41,0.00,0.00,4.41,4.41,5.894,0.716,0.611,,,No,BACK-1,30.00,90.00,N
,WL-1,DBL CLR 3MM/13MM AIR,9.12,0.00,0.00,9.12,9.12,2.720,0.764,0.812,,,No,LEFT-1,300.00,90.00,W
,Total or Average,,,,,,60.90,3.223,0.756,0.780,,,,,,,
,North Total or Average,,,,,,20.85,3.391,0.754,0.769,,,,,,,
,Non-North Total or Average,,,,,,40.05,3.136,0.757,0.785,,,,,,,


Interior Fenestration

,,Construction,Area of One Opening [m2],Area of Openings [m2],Glass U-Factor [W/m2-K],Glass SHGC,Glass Visible Transmittance,Parent Surface
,Total or Average,,,0.00,-,-,-,


Exterior Door

,,Construction,U-Factor with Film [W/m2-K],U-Factor no Film [W/m2-K],Gross Area [m2],Parent Surface
,None,,,,,


----------------------------------------------------------------------------------------------------
REPORT:,Shading Summary
FOR:,Entire Facility
Sunlit Fraction

,,March 21 9am,March 21 noon,March 21 3pm,June 21 9am,June 21 noon,June 21 3pm,December 21 9am,December 21 noon,December 21 3pm
,None,,,,,,,,,


Window Control

,,Name,Type,Shaded Construction,Control,Glare Control
,None,,,,,


----------------------------------------------------------------------------------------------------
REPORT:,Lighting Summary
FOR:,Entire Facility
Interior Lighting

,,Zone,Lighting Power Density [W/m2],Zone Area [m2],Total Power [W],End Use Subcategory,Schedule Name,Scheduled Hours/Week [hr],Hours/Week > 1% [hr],Full Load Hours/Week [hr],Return Air Fraction,Conditioned (Y/N),Consumption [GJ]
,SPACE1-1 LIGHTS 1,SPACE1-1,15.9742,99.16,1584.00,GeneralLights,LIGHTS-1,57.70,167.12,77.31,0.2000,Y,0.13
,SPACE2-1 LIGHTS 1,SPACE2-1,16.0056,42.73,684.00,GeneralLights,LIGHTS-1,57.70,167.12,77.31,0.2000,Y,0.05
,SPACE3-1 LIGHTS 1,SPACE3-1,16.4179,96.48,1584.00,GeneralLights,LIGHTS-1,57.70,167.12,77.31,0.2000,Y,0.13
,SPACE4-1 LIGHTS 1,SPACE4-1,16.0056,42.73,684.00,GeneralLights,LIGHTS-1,57.70,167.12,77.31,0.2000,Y,0.05
,SPACE5-1 LIGHTS 1,SPACE5-1,16.2420,182.49,2964.00,GeneralLights,LIGHTS-1,57.70,167.12,77.31,0.2000,Y,0.24
,Interior Lighting Total,,16.1777,463.60,7500.00,,,,,,,,0.60


Daylighting

,,Zone,Daylighting Type,Control Type,Fraction Controlled,Lighting Installed in Zone [W],Lighting Controlled [W]
,None,,,,,,


Exterior Lighting

,,Total Watts,Astronomical Clock/Schedule,Schedule Name,Scheduled Hours/Week [hr],Hours/Week > 1% [hr],Full Load Hours/Week [hr],Consumption [GJ]
,Exterior Lighting Total,0.00,,,,,,0.00


----------------------------------------------------------------------------------------------------
REPORT:,Equipment Summary
FOR:,Entire Facility
Central Plant

,,Type,Nominal Capacity [W],Nominal Efficiency [W/W],IPLV in SI Units [W/W],IPLV in IP Units [Btu/W-h]
,CENTRAL BOILER,Boiler:HotWater,28221.52,0.80,,
,CENTRAL CHILLER,Chiller:Electric,37979.89,3.20,,


Cooling Coils

,,Type,Design Coil Load [W],Nominal Total Capacity [W],Nominal Sensible Capacity [W],Nominal Latent Capacity [W],Nominal Sensible Heat Ratio,Nominal Efficiency [W/W],Nominal Coil UA Value [W/C],Nominal Coil Surface Area [m2]
,OA COOLING COIL 1,Coil:Cooling:Water,11400.53,8722.59,5534.36,3188.23,0.63,-,835.97,8.48
,MAIN COOLING COIL 1,Coil:Cooling:Water,15179.47,22343.92,15957.15,6386.77,0.71,-,1961.77,19.90


DX Cooling Coils

,,DX Cooling Coil Type,Standard Rated Net Cooling Capacity [W],Standard Rated Net COP [W/W],EER [Btu/W-h],SEER [Btu/W-h],IEER [Btu/W-h]
,None,,,,,,


DX Heating Coils

,,DX Heating Coil Type,High Temperature Heating (net) Rating Capacity [W],Low Temperature Heating (net) Rating Capacity [W],HSPF [Btu/W-h],Region Number
,None,,,,,


Heating Coils

,,Type,Design Coil Load [W],Nominal Total Capacity [W],Nominal Efficiency [W/W]
,SPACE1-1 ZONE COIL,Coil:Heating:Water,9114.62,6618.92,-
,SPACE2-1 ZONE COIL,Coil:Heating:Water,7942.39,3992.12,-
,SPACE3-1 ZONE COIL,Coil:Heating:Water,8402.40,6293.75,-
,SPACE4-1 ZONE COIL,Coil:Heating:Water,8203.05,4123.14,-
,SPACE5-1 ZONE COIL,Coil:Heating:Water,8853.89,5565.16,-
,OA HEATING COIL 1,Coil:Heating:Water,6861.10,4537.13,-
,MAIN HEATING COIL 1,Coil:Heating:Water,3505.32,3298.07,-


Fans

,,Type,Total Efficiency [W/W],Delta Pressure [pa],Max Air Flow Rate [m3/s],Rated Electric Power [W],Rated Power Per Max Air Flow Rate [W-s/m3],Motor Heat In Air Fraction,End Use
,SUPPLY FAN 1,Fan:VariableVolume,0.70,600.00,1.05,896.43,857.14,1.00,General


Pumps

,,Type,Control,Head [pa],Water Flow [m3/s],Electric Power [W],Power Per Water Flow Rate [W-s/m3],Motor Efficiency [W/W]
,HW CIRC PUMP,Pump:VariableSpeed,Intermittent,179352.00,0.0006,156.06,255487.18,0.90
,CW CIRC PUMP,Pump:VariableSpeed,Intermittent,179352.00,0.0023,577.93,255487.18,0.90


Service Water Heating

,,Type,Storage Volume [m3],Input [W],Thermal Efficiency [W/W],Recovery Efficiency [W/W],Energy Factor
,None,,,,,,


----------------------------------------------------------------------------------------------------
REPORT:,HVAC Sizing Summary
FOR:,Entire Facility
Zone Cooling

,,Calculated Design Load [W],User Design Load [W],Calculated Design Air Flow [m3/s],User Design Air Flow [m3/s],Design Day Name,Date/Time Of Peak,Temperature at Peak [C],Humidity Ratio at Peak [kgWater/kgAir]
,SPACE1-1,2688.13,2688.13,0.224,0.224,CHICAGO_IL_USA ANNUAL COOLING 1% DESIGN CONDITIONS DB/MCWB,7/21 16:00:00,30.86,0.01459
,SPACE2-1,2342.56,2342.56,0.195,0.195,CHICAGO_IL_USA ANNUAL COOLING 1% DESIGN CONDITIONS DB/MCWB,7/21 10:00:00,27.43,0.01459
,SPACE3-1,2478.20,2478.20,0.207,0.207,CHICAGO_IL_USA ANNUAL COOLING 1% DESIGN CONDITIONS DB/MCWB,7/21 15:00:00,31.50,0.01459
,SPACE4-1,2419.42,2419.42,0.202,0.202,CHICAGO_IL_USA ANNUAL COOLING 1% DESIGN CONDITIONS DB/MCWB,7/21 17:45:00,29.20,0.01459
,SPACE5-1,2611.24,2611.24,0.218,0.218,CHICAGO_IL_USA ANNUAL COOLING 1% DESIGN CONDITIONS DB/MCWB,7/21 15:00:00,31.50,0.01459


Zone Heating

,,Calculated Design Load [W],User Design Load [W],Calculated Design Air Flow [m3/s],User Design Air Flow [m3/s],Design Day Name,Date/Time Of Peak,Temperature at Peak [C],Humidity Ratio at Peak [kgWater/kgAir]
,SPACE1-1,3860.76,3860.76,0.116,0.116,CHICAGO_IL_USA ANNUAL HEATING 99% DESIGN CONDITIONS DB,1/21 24:00:00,-17.30,0.00084
,SPACE2-1,1625.15,1625.15,0.049,0.049,CHICAGO_IL_USA ANNUAL HEATING 99% DESIGN CONDITIONS DB,1/21 24:00:00,-17.30,0.00084
,SPACE3-1,3753.07,3753.07,0.112,0.112,CHICAGO_IL_USA ANNUAL HEATING 99% DESIGN CONDITIONS DB,1/21 24:00:00,-17.30,0.00084
,SPACE4-1,1625.15,1625.15,0.049,0.049,CHICAGO_IL_USA ANNUAL HEATING 99% DESIGN CONDITIONS DB,1/21 24:00:00,-17.30,0.00084
,SPACE5-1,2981.57,2981.57,0.089,0.103,CHICAGO_IL_USA ANNUAL HEATING 99% DESIGN CONDITIONS DB,1/21 24:00:00,-17.30,0.00084


System Design Air Flow Rates

,,Calculated cooling [m3/s],User cooling [m3/s],Calculated heating [m3/s],User heating [m3/s]
,VAV SYS 1,1.05,1.05,0.43,0.43


----------------------------------------------------------------------------------------------------
REPORT:,System Summary
FOR:,Entire Facility
Economizer

,,High Limit Shutoff Control,Minimum Outdoor Air [m3/s],Maximum Outdoor Air [m3/s],Return Air Temp Limit,Return Air Enthalpy Limit,Outdoor Air Temperature Limit [C],Outdoor Air Enthalpy Limit [C]
,None,,,,,,,


Demand Controlled Ventilation using Controller:MechanicalVentilation

,,Controller:MechanicalVentilation Name,Outdoor Air Per Person [m3/s-person],Outdoor Air Per Area [m3/s-m2],Air Distribution Effectiveness in Cooling Mode,Air Distribution Effectiveness in Heating Mode,Air Distribution Effectiveness Schedule
,None,,,,,,


Time Not Comfortable Based on Simple ASHRAE 55-2004

,,Winter Clothes [hr],Summer Clothes [hr],Summer or Winter Clothes [hr]
,SPACE1-1,8.25,12.00,0.75
,SPACE2-1,10.50,11.75,0.50
,SPACE3-1,10.00,11.00,0.75
,SPACE4-1,8.50,12.50,0.50
,SPACE5-1,0.00,17.25,0.00
,PLENUM-1,0.00,0.00,0.00
,Facility,11.50,17.25,0.75
Aggregated over the RunPeriods for Weather


Time Setpoint Not Met

,,During Heating [hr],During Cooling [hr],During Occupied Heating [hr],During Occupied Cooling [hr]
,SPACE1-1,1.00,0.00,0.00,0.00
,SPACE2-1,0.25,0.00,0.00,0.00
,SPACE3-1,1.25,0.00,0.00,0.00
,SPACE4-1,0.25,0.00,0.00,0.00
,SPACE5-1,0.75,0.00,0.00,0.00
,PLENUM-1,0.00,0.00,0.00,0.00
,Facility,1.25,0.00,0.00,0.00
Aggregated over the RunPeriods for Weather


----------------------------------------------------------------------------------------------------
REPORT:,Outdoor Air Summary
FOR:,Entire Facility
Average Outdoor Air During Occupied Hours

,,Average Number of Occupants,Nominal Number of Occupants,Zone Volume [m3],Mechanical Ventilation [ach],Infiltration [ach],AFN Infiltration [ach],Simple Ventilation [ach]
,SPACE1-1,9.50,11.00,239.25,0.890,0.007,0.000,0.000
,SPACE2-1,4.32,5.00,103.31,1.640,0.007,0.000,0.000
,SPACE3-1,9.50,11.00,239.25,0.883,0.007,0.000,0.000
,SPACE4-1,4.32,5.00,103.31,1.548,0.007,0.000,0.000
,SPACE5-1,17.27,20.00,447.68,0.464,0.007,0.000,0.000
Values shown for a single zone without multipliers


Minimum Outdoor Air During Occupied Hours

,,Average Number of Occupants,Nominal Number of Occupants,Zone Volume [m3],Mechanical Ventilation [ach],Infiltration [ach],AFN Infiltration [ach],Simple Ventilation [ach]
,SPACE1-1,9.50,11.00,239.25,0.567,0.000,0.000,0.000
,SPACE2-1,4.32,5.00,103.31,0.993,0.000,0.000,0.000
,SPACE3-1,9.50,11.00,239.25,0.780,0.000,0.000,0.000
,SPACE4-1,4.32,5.00,103.31,0.808,0.000,0.000,0.000
,SPACE5-1,17.27,20.00,447.68,0.289,0.000,0.000,0.000
Values shown for a single zone without multipliers


----------------------------------------------------------------------------------------------------
REPORT:,Object Count Summary
FOR:,Entire Facility
Surfaces by Class

,,Total,Outdoors
,Wall,24,8
,Floor,10,5
,Roof,6,1
,Internal Mass,0,0
,Building Detached Shading,0,0
,Fixed Detached Shading,0,0
,Window,6,6
,Door,0,0
,Glass Door,0,0
,Shading,4,4
,Overhang,0,0
,Fin,0,0
,Tubular Daylighting Device Dome,0,0
,Tubular Daylighting Device Diffuser,0,0


HVAC

,,Count
,HVAC Air Loops,1
,Conditioned Zones,6
,Unconditioned Zones,0
,Supply Plenums,0
,Return Plenums,1


Input Fields

,,Count
,IDF Objects,327
,Defaulted Fields,42
,Fields with Defaults,730
,Autosized Fields,66
,Autosizable Fields,93
,Autocalculated Fields,17
,Autocalculatable Fields,123


----------------------------------------------------------------------------------------------------
REPORT:,Energy Meters
FOR:,Entire Facility
Annual and Peak Values - Electricity

,,Electricity Annual Value [GJ],Electricity Minimum Value [W],Timestamp of Minimum,Electricity Maximum Value [W],Timestamp of Maximum
,Electricity:Facility,0.68,515.26,07-JUL-00:15,18372.74,07-JUL-11:00
,Electricity:Building,0.45,475.00,07-JUL-00:15,12000.00,07-JUL-10:15
,Electricity:Zone:SPACE1-1,0.09,100.32,07-JUL-00:15,2534.40,07-JUL-10:15
,InteriorLights:Electricity,0.30,375.00,07-JUL-00:15,7500.00,07-JUL-10:15
,InteriorLights:Electricity:Zone:SPACE1-1,0.06,79.20,07-JUL-00:15,1584.00,07-JUL-10:15
,GeneralLights:InteriorLights:Electricity,0.30,375.00,07-JUL-00:15,7500.00,07-JUL-10:15
,Electricity:Zone:SPACE2-1,0.04,43.32,07-JUL-00:15,1094.40,07-JUL-10:15
,InteriorLights:Electricity:Zone:SPACE2-1,0.03,34.20,07-JUL-00:15,684.00,07-JUL-10:15
,Electricity:Zone:SPACE3-1,0.09,100.32,07-JUL-00:15,2534.40,07-JUL-10:15
,InteriorLights:Electricity:Zone:SPACE3-1,0.06,79.20,07-JUL-00:15,1584.00,07-JUL-10:15
,Electricity:Zone:SPACE4-1,0.04,43.32,07-JUL-00:15,1094.40,07-JUL-10:15
,InteriorLights:Electricity:Zone:SPACE4-1,0.03,34.20,07-JUL-00:15,684.00,07-JUL-10:15
,Electricity:Zone:SPACE5-1,0.18,187.72,07-JUL-00:15,4742.40,07-JUL-10:15
,InteriorLights:Electricity:Zone:SPACE5-1,0.12,148.20,07-JUL-00:15,2964.00,07-JUL-10:15
,InteriorEquipment:Electricity,0.15,100.00,07-JUL-00:15,4500.00,07-JUL-09:15
,InteriorEquipment:Electricity:Zone:SPACE1-1,0.03,21.12,07-JUL-00:15,950.40,07-JUL-09:15
,General:InteriorEquipment:Electricity,0.15,100.00,07-JUL-00:15,4500.00,07-JUL-09:15
,InteriorEquipment:Electricity:Zone:SPACE2-1,0.01,9.12,07-JUL-00:15,410.40,07-JUL-09:15
,InteriorEquipment:Electricity:Zone:SPACE3-1,0.03,21.12,07-JUL-00:15,950.40,07-JUL-09:15
,InteriorEquipment:Electricity:Zone:SPACE4-1,0.01,9.12,07-JUL-00:15,410.40,07-JUL-09:15
,InteriorEquipment:Electricity:Zone:SPACE5-1,0.06,39.52,07-JUL-00:15,1778.40,07-JUL-09:15
,Electricity:HVAC,0.03,40.26,07-JUL-00:15,863.54,07-JUL-15:00
,ElectricityProduced:Facility,0.00,0.00,07-JUL-00:15,0.00,07-JUL-00:15
,ElectricityProduced:HVAC,0.00,0.00,07-JUL-00:15,0.00,07-JUL-00:15
,Cogeneration:ElectricityProduced,0.00,0.00,07-JUL-00:15,0.00,07-JUL-00:15
,ElectricityPurchased:Facility,0.68,515.26,07-JUL-00:15,18372.74,07-JUL-11:00
,ElectricityPurchased:Plant,0.68,515.26,07-JUL-00:15,18372.74,07-JUL-11:00
,Cogeneration:ElectricityPurchased,0.68,515.26,07-JUL-00:15,18372.74,07-JUL-11:00
,ElectricitySurplusSold:Facility,0.00,0.00,07-JUL-00:15,0.00,07-JUL-00:15
,ElectricitySurplusSold:Plant,0.00,0.00,07-JUL-00:15,0.00,07-JUL-00:15
,Cogeneration:ElectricitySurplusSold,0.00,0.00,07-JUL-00:15,0.00,07-JUL-00:15
,ElectricityNet:Facility,0.68,515.26,07-JUL-00:15,18372.74,07-JUL-11:00
,ElectricityNet:Plant,0.68,515.26,07-JUL-00:15,18372.74,07-JUL-11:00
,Cogeneration:ElectricityNet,0.68,515.26,07-JUL-00:15,18372.74,07-JUL-11:00
,Fans:Electricity,0.02,0.00,07-JUL-00:15,612.57,07-JUL-15:00
,General:Fans:Electricity,0.02,0.00,07-JUL-00:15,612.57,07-JUL-15:00
,Electricity:Plant,0.20,0.00,07-JUL-00:15,5733.42,07-JUL-15:00
,Heating:Electricity,0.00,0.00,07-JUL-00:15,0.00,07-JUL-00:15
,Boiler Parasitic:Heating:Electricity,0.00,0.00,07-JUL-00:15,0.00,07-JUL-00:15
,Cooling:Electricity,0.18,0.00,07-JUL-00:15,5298.93,07-JUL-15:00
,Pumps:Electricity,0.02,0.00,07-JUL-00:15,474.36,07-JUL-11:45


Annual and Peak Values - Gas

,,Gas Annual Value [GJ],Gas Minimum Value [W],Timestamp of Minimum,Gas Maximum Value [W],Timestamp of Maximum
,Gas:Facility,0.03,0.00,07-JUL-00:15,11099.81,07-JUL-06:15
,Gas:Plant,0.03,0.00,07-JUL-00:15,11099.81,07-JUL-06:15
,Heating:Gas,0.03,0.00,07-JUL-00:15,11099.81,07-JUL-06:15
,Boiler:Heating:Gas,0.03,0.00,07-JUL-00:15,11099.81,07-JUL-06:15


Annual and Peak Values - Cooling

,,Cooling Annual Value [GJ],Cooling Minimum Value [W],Timestamp of Minimum,Cooling Maximum Value [W],Timestamp of Maximum
,PlantLoopCoolingDemand:Facility,0.70,0.00,07-JUL-00:15,20220.28,07-JUL-15:00
,PlantLoopCoolingDemand:HVAC,0.70,0.00,07-JUL-00:15,20220.28,07-JUL-15:00
,CoolingCoils:PlantLoopCoolingDemand,0.70,0.00,07-JUL-00:15,20220.28,07-JUL-15:00


Annual and Peak Values - Water

,,Annual Value [m3],Minimum Value [m3/s],Timestamp of Minimum,Maximum Value [m3/s],Timestamp of Maximum
,None,,,,,


Annual and Peak Values - Other by Weight/Mass

,,Annual Value [kg],Minimum Value [kg/s],Timestamp of Minimum,Maximum Value [kg/s],Timestamp of Maximum
,Carbon Equivalent:Facility,0.00,0.000,07-JUL-00:15,0.000,07-JUL-00:15
,CarbonEquivalentEmissions:Carbon Equivalent,0.00,0.000,07-JUL-00:15,0.000,07-JUL-00:15


Annual and Peak Values - Other Volumetric

,,Annual Value [m3],Minimum Value [m3/s],Timestamp of Minimum,Maximum Value [m3/s],Timestamp of Maximum
,None,,,,,


Annual and Peak Values - Other Liquid/Gas

,,Annual Value [L],Minimum Value [L],Timestamp of Minimum,Maximum Value [L],Timestamp of Maximum
,None,,,,,


Annual and Peak Values - Other

,,Annual Value [GJ],Minimum Value [W],Timestamp of Minimum,Maximum Value [W],Timestamp of Maximum
,EnergyTransfer:Facility,2.80,0.00,07-JUL-20:15,79668.85,07-JUL-15:00
,EnergyTransfer:Building,0.45,0.00,07-JUL-20:15,13487.27,07-JUL-15:00
,EnergyTransfer:Zone:PLENUM-1,0.07,0.00,07-JUL-00:15,2638.83,07-JUL-15:45
,Heating:EnergyTransfer,0.02,0.00,07-JUL-10:00,3486.66,07-JUL-06:15
,Heating:EnergyTransfer:Zone:PLENUM-1,0.01,0.00,07-JUL-00:15,1237.69,07-JUL-08:15
,Cooling:EnergyTransfer,0.44,0.00,07-JUL-00:15,13487.27,07-JUL-15:00
,Cooling:EnergyTransfer:Zone:PLENUM-1,0.06,0.00,07-JUL-00:15,2638.83,07-JUL-15:45
,EnergyTransfer:Zone:SPACE1-1,0.09,0.00,07-JUL-20:15,2757.34,07-JUL-15:00
,Heating:EnergyTransfer:Zone:SPACE1-1,0.00,0.00,07-JUL-07:30,1334.44,07-JUL-06:15
,Cooling:EnergyTransfer:Zone:SPACE1-1,0.08,0.00,07-JUL-00:15,2757.34,07-JUL-15:00
,EnergyTransfer:Zone:SPACE2-1,0.06,0.00,07-JUL-20:15,2306.17,07-JUL-09:45
,Heating:EnergyTransfer:Zone:SPACE2-1,0.00,0.00,07-JUL-06:15,27.36,07-JUL-20:30
,Cooling:EnergyTransfer:Zone:SPACE2-1,0.06,0.00,07-JUL-00:15,2306.17,07-JUL-09:45
,EnergyTransfer:Zone:SPACE3-1,0.09,0.00,07-JUL-20:15,2590.74,07-JUL-15:00
,Heating:EnergyTransfer:Zone:SPACE3-1,0.00,0.00,07-JUL-06:15,63.36,07-JUL-20:30
,Cooling:EnergyTransfer:Zone:SPACE3-1,0.09,0.00,07-JUL-00:15,2590.74,07-JUL-15:00
,EnergyTransfer:Zone:SPACE4-1,0.05,0.00,07-JUL-20:15,2008.20,07-JUL-16:00
,Heating:EnergyTransfer:Zone:SPACE4-1,0.00,0.00,07-JUL-07:15,534.97,07-JUL-06:15
,Cooling:EnergyTransfer:Zone:SPACE4-1,0.05,0.00,07-JUL-00:15,2008.20,07-JUL-16:00
,EnergyTransfer:Zone:SPACE5-1,0.09,0.00,07-JUL-20:15,2583.17,07-JUL-15:00
,Heating:EnergyTransfer:Zone:SPACE5-1,0.01,0.00,07-JUL-08:15,1432.93,07-JUL-06:15
,Cooling:EnergyTransfer:Zone:SPACE5-1,0.08,0.00,07-JUL-00:15,2583.17,07-JUL-15:00
,EnergyTransfer:HVAC,0.72,0.00,07-JUL-00:15,20220.28,07-JUL-15:00
,HeatingCoils:EnergyTransfer,0.02,0.00,07-JUL-00:15,5583.81,07-JUL-06:15
,PlantLoopHeatingDemand:Facility,0.02,0.00,07-JUL-00:15,5583.81,07-JUL-06:15
,PlantLoopHeatingDemand:HVAC,0.02,0.00,07-JUL-00:15,5583.81,07-JUL-06:15
,HeatingCoils:PlantLoopHeatingDemand,0.02,0.00,07-JUL-00:15,5583.81,07-JUL-06:15
,CoolingCoils:EnergyTransfer,0.70,0.00,07-JUL-00:15,20220.28,07-JUL-15:00
,EnergyTransfer:Plant,1.63,0.00,07-JUL-00:15,45961.30,07-JUL-15:00
,Boilers:EnergyTransfer,0.02,0.00,07-JUL-00:15,8879.85,07-JUL-06:15
,Chillers:EnergyTransfer,0.71,0.00,07-JUL-00:15,20331.19,07-JUL-15:00
,HeatRejection:EnergyTransfer,0.89,0.00,07-JUL-00:15,25630.11,07-JUL-15:00


----------------------------------------------------------------------------------------------------
REPORT:,Sensible Heat Gain Summary
FOR:,Entire Facility
Annual Building Sensible Heat Gain Components

,,HVAC Input Sensible Air Heating [GJ],HVAC Input Sensible Air Cooling [GJ],HVAC Input Heated Surface Heating [GJ],HVAC Input Cooled Surface Cooling [GJ],People Sensible Heat Addition [GJ],Lights Sensible Heat Addition [GJ],Equipment Sensible Heat Addition [GJ],Window Heat Addition [GJ],Interzone Air Transfer Heat Addition [GJ],Infiltration Heat Addition [GJ],Opaque Surface Conduction and Other Heat Addition [GJ],Equipment Sensible Heat Removal [GJ],Window Heat Removal [GJ],Interzone Air Transfer Heat Removal [GJ],Infiltration Heat Removal [GJ],Opaque Surface Conduction and Other Heat Removal [GJ]
,SPACE1-1,0.055,-0.086,0.000,0.000,0.055,0.126,0.063,0.088,0.000,0.000,0.001,0.000,-0.152,0.000,-0.003,-0.147
,SPACE2-1,0.021,-0.065,0.000,0.000,0.025,0.054,0.027,0.102,0.000,0.000,0.001,0.000,-0.050,0.000,-0.001,-0.114
,SPACE3-1,0.046,-0.094,0.000,0.000,0.055,0.126,0.063,0.131,0.000,0.000,0.002,0.000,-0.140,0.000,-0.003,-0.185
,SPACE4-1,0.022,-0.053,0.000,0.000,0.025,0.054,0.027,0.069,0.000,0.000,0.001,0.000,-0.050,0.000,-0.001,-0.093
,SPACE5-1,0.029,-0.120,0.000,0.000,0.098,0.236,0.117,0.000,0.000,0.000,0.000,0.000,0.000,0.000,-0.006,-0.354
,PLENUM-1,0.149,-0.061,0.000,0.000,0.000,0.000,0.000,0.000,0.000,0.000,0.000,0.000,0.000,0.000,0.000,-0.088
,Total Facility,0.322,-0.478,0.000,0.000,0.259,0.597,0.297,0.392,0.000,0.000,0.004,0.000,-0.393,0.000,-0.014,-0.981


Peak Cooling Sensible Heat Gain Components

,,Time of Peak,HVAC Input Sensible Air Heating [W],HVAC Input Sensible Air Cooling [W],HVAC Input Heated Surface Heating [W],HVAC Input Cooled Surface Cooling [W],People Sensible Heat Addition [W],Lights Sensible Heat Addition [W],Equipment Sensible Heat Addition [W],Window Heat Addition [W],Interzone Air Transfer Heat Addition [W],Infiltration Heat Addition [W],Opaque Surface Conduction and Other Heat Addition [W],Equipment Sensible Heat Removal [W],Window Heat Removal [W],Interzone Air Transfer Heat Removal [W],Infiltration Heat Removal [W],Opaque Surface Conduction and Other Heat Removal [W]
,SPACE1-1,07-JUL-15:00,0.00,-2757.32,0.00,0.00,766.17,1584.00,844.80,2628.25,0.00,0.00,0.00,0.00,0.00,0.00,0.00,-3065.89
,SPACE2-1,07-JUL-09:45,0.00,-2306.00,0.00,0.00,348.28,649.80,410.40,4203.30,0.00,0.00,0.00,0.00,0.00,0.00,0.00,-3305.78
,SPACE3-1,07-JUL-15:00,0.00,-2590.76,0.00,0.00,766.17,1584.00,844.80,2342.65,0.00,0.00,0.00,0.00,0.00,0.00,0.00,-2946.86
,SPACE4-1,07-JUL-16:00,0.00,-2008.13,0.00,0.00,348.27,684.00,319.20,3561.24,0.00,0.00,0.00,0.00,0.00,0.00,0.00,-2904.58
,SPACE5-1,07-JUL-15:00,0.00,-2583.29,0.00,0.00,1392.98,2964.00,1580.80,0.00,0.00,0.00,0.00,0.00,0.00,0.00,0.00,-3354.49
,PLENUM-1,07-JUL-15:45,0.00,-2638.84,0.00,0.00,0.00,0.00,0.00,0.00,0.00,0.00,2638.84,0.00,0.00,0.00,0.00,0.00
,Total Facility,07-JUL-15:00,0.00,-13487.43,0.00,0.00,3621.83,7500.00,4000.00,9098.79,0.00,0.00,0.00,0.00,0.00,0.00,0.00,-10733.18


Peak Heating Sensible Heat Gain Components

,,Time of Peak,HVAC Input Sensible Air Heating [W],HVAC Input Sensible Air Cooling [W],HVAC Input Heated Surface Heating [W],HVAC Input Cooled Surface Cooling [W],People Sensible Heat Addition [W],Lights Sensible Heat Addition [W],Equipment Sensible Heat Addition [W],Window Heat Addition [W],Interzone Air Transfer Heat Addition [W],Infiltration Heat Addition [W],Opaque Surface Conduction and Other Heat Addition [W],Equipment Sensible Heat Removal [W],Window Heat Removal [W],Interzone Air Transfer Heat Removal [W],Infiltration Heat Removal [W],Opaque Surface Conduction and Other Heat Removal [W]
,SPACE1-1,14-JAN-06:01,4173.15,0.00,0.00,0.00,0.00,79.20,21.12,0.00,0.00,0.00,0.00,0.00,-1538.76,0.00,-49.25,-2685.46
,SPACE2-1,14-JAN-06:01,3791.73,0.00,0.00,0.00,0.00,34.20,9.12,0.00,0.00,0.00,0.00,0.00,-541.41,0.00,-22.02,-3271.62
,SPACE3-1,14-JAN-06:01,3816.42,0.00,0.00,0.00,0.00,79.20,21.12,0.00,0.00,0.00,0.00,0.00,-1461.40,0.00,-49.17,-2406.17
,SPACE4-1,14-JAN-06:01,3913.88,0.00,0.00,0.00,0.00,34.20,9.12,0.00,0.00,0.00,0.00,0.00,-541.41,0.00,-22.05,-3393.73
,SPACE5-1,14-JAN-06:01,4045.37,0.00,0.00,0.00,0.00,148.20,39.52,0.00,0.00,0.00,0.00,0.00,0.00,0.00,-102.33,-4130.76
,PLENUM-1,14-JAN-08:08,3397.27,0.00,0.00,0.00,0.00,0.00,0.00,0.00,0.00,0.00,0.00,0.00,0.00,0.00,0.00,-3397.27
,Total Facility,14-JAN-06:01,20706.24,0.00,0.00,0.00,0.00,375.00,100.00,0.00,0.00,0.00,0.00,0.00,-4082.99,0.00,-244.82,-16853.43


----------------------------------------------------------------------------------------------------
REPORT:,Standard 62.1 Summary
FOR:,Entire Facility
System Ventilation Requirements for Cooling

,,Sum of Zone Primary Air Flow - Vpz-sum [m3/s],System Population - Ps,Sum of Zone Population - Pz-sum,Occupant Diversity - D,Uncorrected Outdoor Air Intake Airflow - Vou [m3/s],System Primary Airflow - Vps [m3/s],Average Outdoor Air Fraction - Xs,System Ventilation Efficiency - Ev,Outdoor Air Intake Flow - Vot [m3/s],Percent Outdoor Air - %OA
,None,,,,,,,,,,


System Ventilation Requirements for Heating

,,Sum of Zone Primary Air Flow - Vpz-sum [m3/s],System Population - Ps,Sum of Zone Population - Pz-sum,Occupant Diversity - D,Uncorrected Outdoor Air Intake Airflow - Vou [m3/s],System Primary Airflow - Vps [m3/s],Average Outdoor Air Fraction - Xs,System Ventilation Efficiency - Ev,Outdoor Air Intake Flow Vot [m3/s],Percent Outdoor Air - %OA
,None,,,,,,,,,,


Zone Ventilation Parameters

,,AirLoop Name,People Outdoor Air Rate - Rp [m3/s-person],Zone Population - Pz,Area Outdoor Air Rate - Ra [m3/s-m2],Zone Floor Area - Az [m2],Breathing Zone Outdoor Airflow - Vbz [m3/s],Cooling Zone Air Distribution Effectiveness - Ez-clg,Cooling Zone Outdoor Airflow - Voz-clg [m3/s],Heating Zone Air Distribution Effectiveness - Ez-htg,Heating Zone Outdoor Airflow - Voz-htg [m3/s]
,None,,,,,,,,,,


System Ventilation Parameters

,,People Outdoor Air Rate - Rp [m3/s-person],Sum of Zone Population - Pz-sum,Area Outdoor Air Rate - Ra [m3/s-m2],Sum of Zone Floor Area - Az-sum [m2],Breathing Zone Outdoor Airflow - Vbz [m3/s],Cooling Zone Outdoor Airflow - Voz-clg [m3/s],Heating Zone Outdoor Airflow - Voz-htg [m3/s]
,None,,,,,,,


Zone Ventilation Calculations for Cooling Design

,,AirLoop Name,Box Type,Zone Primary Airflow - Vpz [m3/s],Zone Discharge Airflow - Vdz [m3/s],Minimum Zone Primary Airflow - Vpz-min [m3/s],Zone Outdoor Airflow Cooling - Voz-clg [m3/s],Primary Outdoor Air Fraction - Zpz,Primary Air Fraction - Ep,Secondary Recirculation Fraction- Er,Supply Air Fraction- Fa,Mixed Air Fraction - Fb,Outdoor Air Fraction - Fc,Zone Ventilation Efficiency - Evz
,None,,,,,,,,,,,,,


System Ventilation Calculations for Cooling Design

,,Sum of Zone Primary Airflow - Vpz-sum [m3/s],System Primary Airflow - Vps [m3/s],Sum of Zone Discharge Airflow - Vdz-sum [m3/s],Sum of Min Zone Primary Airflow - Vpz-min [m3/s],Zone Outdoor Airflow Cooling - Voz-clg [m3/s],Zone Ventilation Efficiency - Evz-min
,None,,,,,,


Zone Ventilation Calculations for Heating Design

,,AirLoop Name,Box Type,Zone Primary Airflow - Vpz [m3/s],Zone Discharge Airflow - Vdz [m3/s],Minimum Zone Primary Airflow - Vpz-min [m3/s],Zone Outdoor Airflow Heating - Voz-htg [m3/s],Primary Outdoor Air Fraction - Zpz,Primary Air Fraction - Ep,Secondary Recirculation Fraction- Er,Supply Air Fraction- Fa,Mixed Air Fraction - Fb,Outdoor Air Fraction - Fc,Zone Ventilation Efficiency - Evz
,None,,,,,,,,,,,,,


System Ventilation Calculations for Heating Design

,,Sum of Zone Primary Airflow - Vpz-sum [m3/s],System Primary Airflow - Vps [m3/s],Sum of Zone Discharge Airflow - Vdz-sum [m3/s],Sum of Min Zone Primary Airflow - Vpz-min [m3/s],Zone Outdoor Airflow Heating - Voz-htg [m3/s],Zone Ventilation Efficiency - Evz-min
,None,,,,,,


----------------------------------------------------------------------------------------------------
REPORT:,LEED Summary
FOR:,Entire Facility
Sec1.1A-General Information

,,Data
,Heating Degree Days,1254
,Cooling Degree Days,261
,Climate Zone,5A
,Weather File,SUMMERDAY ** BRATISLAVA - SVK IWEC Data WMO#=118160
,HDD and CDD data source,Weather File Stat
,Total gross floor area [m2],927.20
,Principal Heating Source,Natural Gas


EAp2-1. Space Usage Type

,,Space Area [m2],Regularly Occupied Area [m2],Unconditioned Area [m2],Typical Hours/Week in Operation [hr/wk]
,SPACE1-1,99.16,99.16,0.00,77.00
,SPACE2-1,42.73,42.73,0.00,77.00
,SPACE3-1,96.48,96.48,0.00,77.00
,SPACE4-1,42.73,42.73,0.00,77.00
,SPACE5-1,182.49,182.49,0.00,77.00
,PLENUM-1,463.60,463.60,0.00,0.00
,Totals,927.20,927.20,0.00,


EAp2-2. Advisory Messages

,,Data
,Number of hours heating loads not met,0.00
,Number of hours cooling loads not met,0.00
,Number of hours not met,0.00


EAp2-3. Energy Type Summary

,,Utility Rate,Virtual Rate [$/unit energy],Units of Energy,Units of Demand
,None,,,,


EAp2-4/5. Performance Rating Method Compliance

,,Electric Energy Use [GJ],Electric Demand [W],Natural Gas Energy Use [GJ],Natural Gas Demand [W],Additional Energy Use [GJ],Additional Demand [W]
,Interior Lighting,0.60,7500.00,0.00,0.00,0.00,0.00
,Exterior Lighting,0.00,0.00,0.00,0.00,0.00,0.00
,Space Heating,0.00,0.00,0.71,41888.39,0.00,0.00
,Space Cooling,0.18,5046.60,0.00,0.00,0.00,0.00
,Pumps,0.02,473.74,0.00,0.00,0.00,0.00
,Heat Rejection,0.00,0.00,0.00,0.00,0.00,0.00
,Fans-Interior,0.06,579.23,0.00,0.00,0.00,0.00
,Fans-Parking Garage,0.00,0.00,0.00,0.00,0.00,0.00
,Service Water Heating,0.00,0.00,0.00,0.00,0.00,0.00
,Receptacle Equipment,0.30,4500.00,0.00,0.00,0.00,0.00
,Interior Lighting (process),0.00,0.00,0.00,0.00,0.00,0.00
,Refrigeration Equipment,0.00,0.00,0.00,0.00,0.00,0.00
,Cooking,0.00,0.00,0.00,0.00,0.00,0.00
,Industrial Process,0.00,0.00,0.00,0.00,0.00,0.00
,Elevators and Escalators,0.00,0.00,0.00,0.00,0.00,0.00
,Total Line,1.17,,0.71,,0.00,


EAp2-6. Energy Use Summary

,,Process Subtotal [GJ],Total Energy Use [GJ]
,Electricity,0.30,1.17
,Natural Gas,0.00,0.71
,Additional,0.00,0.00
,Total,0.30,1.88


EAp2-7. Energy Cost Summary

,,Process Subtotal [$],Total Energy Cost [$]
,Electricity,0.00,
,Natural Gas,0.00,
,Additional,0.00,
,Total,0.00,
Process energy cost based on ratio of process to total energy.


L-1. Renewable Energy Source Summary

,,Rated Capacity [kW],Annual Energy Generated [GJ]
,Photovoltaic,0.00,0.00
,Wind,0.00,0.00


EAp2-17a. Energy Use Intensity - Electricity

,,Electricty [MJ/m2]
,Interior Lighting,0.64
,Space Heating,0.00
,Space Cooling,0.19
,Fans-Interior,0.06
,Service Water Heating,0.00
,Receptacle Equipment,0.32
,Miscellaneous,0.05
,Subtotal,1.27


EAp2-17b. Energy Use Intensity - Natural Gas

,,Natural Gas [MJ/m2]
,Space Heating,0.76
,Service Water Heating,0.00
,Miscellaneous,0.00
,Subtotal,0.76


EAp2-17c. Energy Use Intensity - Additional

,,Additional [MJ/m2]
,Miscellaneous,0.00
,Subtotal,0.00


EAp2-18. End Use Percentage

,,Percent [%]
,Interior Lighting,31.70
,Space Heating,37.66
,Space Cooling,9.57
,Fans-Interior,3.02
,Service Water Heating,0.00
,Receptacle Equipment,15.76
,Miscellaneous,2.28


----------------------------------------------------------------------------------------------------
REPORT:,Component Sizing Summary
FOR:,Entire Facility
AirTerminal:SingleDuct:VAV:Reheat

,,Maximum Air Flow Rate [m3/s],Maximum Flow per Zone Floor Area during Reheat [m3/s-m2],Maximum Flow Fraction during Reheat [],Maximum Reheat Water Flow Rate [m3/s],Reheat Coil Sizing Air Volume Flow Rate [m3/s]
,SPACE1-1 VAV REHEAT,0.224206,0.002032,0.898696,0.000102,0.115686
,SPACE2-1 VAV REHEAT,0.195371,0.002032,0.444475,0.000052,0.058611
,SPACE3-1 VAV REHEAT,0.206687,0.002032,0.948525,0.000099,0.112459
,SPACE4-1 VAV REHEAT,0.201783,0.002032,0.430352,0.000053,0.060535
,SPACE5-1 VAV REHEAT,0.217793,0.001193,1.00,0.000079,0.089341


Coil:Heating:Water

,,Design Coil Load [W],Maximum Water Flow Rate [m3/s],U-Factor Times Area Value [W/K]
,SPACE1-1 ZONE COIL,4702.95,0.000102,225.04
,SPACE2-1 ZONE COIL,2382.72,0.000052,196.10
,SPACE3-1 ZONE COIL,4571.76,0.000099,207.46
,SPACE4-1 ZONE COIL,2460.91,0.000053,202.54
,SPACE5-1 ZONE COIL,3631.95,0.000079,218.61
,OA HEATING COIL 1,6861.10,0.000149,85.30
,MAIN HEATING COIL 1,3505.32,0.000076,56.51


Branch

,,Maximum Flow Rate [m3/s]
,VAV SYS 1 MAIN BRANCH,1.05


AirLoopHVAC

,,Design Supply Air Flow Rate [m3/s]
,VAV SYS 1,1.05


Controller:OutdoorAir

,,Maximum Outdoor Air Flow Rate [m3/s],Minimum Outdoor Air Flow Rate [m3/s]
,OA CONTROLLER 1,1.05,0.264118


Coil:Cooling:Water

,,Design Coil Load [W],Design Water Flow Rate [m3/s],Design Air Flow Rate [m3/s],Design Inlet Air Temperature [C],Design Inlet Water Temperature [C],Design Outlet Air Temperature [C],Design Inlet Air Humidity Ratio,Design Outlet Air Humidity Ratio
,OA COOLING COIL 1,11400.53,0.001358,0.264118,30.16,7.00,11.00,0.014595,0.008000
,MAIN COOLING COIL 1,15179.47,0.000904,1.05,21.52,7.00,12.80,0.009318,0.008000


Fan:VariableVolume

,,Maximum Flow Rate [m3/s]
,SUPPLY FAN 1,1.05


Controller:WaterCoil

,,Maximum Actuated Flow [m3/s]
,OA CC CONTROLLER 1,0.001358
,OA HC CONTROLLER 1,0.000149
,CENTRAL COOLING COIL CONTROLLER 1,0.000904
,CENTRAL HEATING COIL CONTROLLER 1,0.000076


Boiler:HotWater

,,Nominal Capacity [W],Design Water Flow Rate [m3/s]
,CENTRAL BOILER,28221.52,0.000611


PlantLoop

,,Maximum Loop Flow Rate [m3/s],Plant Loop Volume [m3]
,HOT WATER LOOP,0.000611,0.687184
,CHILLED WATER LOOP,0.002262,2.54


Chiller:Electric

,,Nominal Capacity [W],Design Chilled Water Flow Rate [m3/s]
,CENTRAL CHILLER,37979.89,0.002262


Pump:VariableSpeed

,,Rated Flow Rate [m3/s],Rated Power Consumption [W]
,HW CIRC PUMP,0.000611,156.06
,CW CIRC PUMP,0.002262,577.93


----------------------------------------------------------------------------------------------------
REPORT:,Surface Shadowing Summary
FOR:,Entire Facility
Surfaces (Walls, Roofs, etc) that may be Shadowed by Other Surfaces

,,Possible Shadow Receivers
,MAIN SOUTH OVERHANG,FRONT-1 |
,Mir-MAIN SOUTH OVERHANG,SOUTH DOOR OVERHANG |WALL-1PF |FRONT-1 |
,SOUTH DOOR OVERHANG,WALL-1PF |
,Mir-SOUTH DOOR OVERHANG,WALL-1PF |
,WALL-1PF,SOUTH DOOR OVERHANG |
,FRONT-1,MAIN SOUTH OVERHANG |SOUTH DOOR OVERHANG |


Subsurfaces (Windows and Doors) that may be Shadowed by Surfaces

,,Possible Shadow Receivers
,FRONT-1,WF-1 |DF-1 |
,RIGHT-1,WR-1 |
,BACK-1,WB-1 |DB-1 |
,LEFT-1,WL-1 |


----------------------------------------------------------------------------------------------------
REPORT:,Adaptive Comfort Summary
FOR:,Entire Facility
Time Not Meeting the Adaptive Comfort Models during Occupied Hours

,,ASHRAE55 90% Acceptability Limits [Hours],ASHRAE55 80% Acceptability Limits  [Hours],CEN15251 Category I Acceptability Limits [Hours],CEN15251 Category II Acceptability Limits [Hours],CEN15251 Category III Acceptability Limits [Hours]


